request;description;match_bin;match
Добрый день! Любезно прошу помощи с контактами специалиста для работы со следующей ситуацией: нарастающая год от года, неконтролируемая агрессия супруга усугубляет сложные отношения, разрушает брак. Он осознает, периодически винит себя, но ситуация уже критическая. Последняя попытка спасти семью. Ищем психотерапевта, желательно мужчину, умеющего работать и с выплесками эмоций и с агрессией. Описала ситуацию общо и не знаю, нужен специалист по семейным отношениям или индивидуальной работе. Надеюсь, задачи конкретизируются на первом сеансе. Заранее благодарю.;Валентина долгое время работает в гештальт-подходе и наиболее важным считает умение разбираться в самом себе и, как следствие, лучше понимать окружающих. Как пережить расставание? Как понять собственного ребёнка? Как перестать испытывать чувство вины? Как не бояться заявлять о себе? Как побороть собственные страхи? Как повысить самооценку? К Валентине обращаются с этими и многими другими вопросами, чтобы разрешить конфликты с близкими и окружающими и улучшить качество собственной жизни.;0;1
Добрый день! Нужен психолог, специализирующийся на психосоматике. Обязательно с основным высшим психологическим образованием;"Внимательный и творческий гештальт-терапевт.
Принцип моей терапии: любой человек достоин быть увиденным и услышанным в своей уникальности. Основа моей работы - уважение, доверие, поддержка, поиск ресурсов. Человек неповторим в своем жизненной истории и для каждого можно найти свой путь, выбор, возможности через понимание и принятие себя.
Могу помочь вам с такими проблемами:
- Тревоги и тревожные состояния, неуверенность в себе;
- Потеря смысла жизни;
- Самоопределение и внутриличностный дискомфорт;
- Сложные жизненные ситуации и кризисы;
- Трудности в отношениях;
- Сложности сепарация и близости;
- Обнаружение и выстраивание личных границ;
- Поиск идентичности;
- Осознание и преодоление ваших ограничивающих установок;
- Эмоциональная зависимость.";0;1
Добрый день! Нужен психолог, специализирующийся на психосоматике. Обязательно с основным высшим психологическим образованием;"Главное для меня в процессе терапии - свободная и осознанная проработка проблемы. Я всегда стремлюсь к тому, чтобы клиент осознавал, что сейчас с ним происходит, понимал, что с этим можно сделать, и имел ресурсы для изменений. Для этого я использую современные методики КПТ, а также элементы экзистенциального подхода.
Основные проблемы, с которыми я помогаю бороться:
- Терапия тревожных расстройств;
- Проблемные отношения с родителями/детьми (внутрисемейные отношения);
- Проработка и формирование отношений с партнером;
- Кризис личностного (экзистенциального) выбора;
- Формирование положительного Я-образа (техники работы с самооценкой);
- Когнитивная психотерапия депрессии;
- Проблемы с мотивацией и самоорганизацией деятельности.";0;1
Добрый день! Любезно прошу помощи с контактами специалиста для работы со следующей ситуацией: нарастающая год от года, неконтролируемая агрессия супруга усугубляет сложные отношения, разрушает брак. Он осознает, периодически винит себя, но ситуация уже критическая. Последняя попытка спасти семью. Ищем психотерапевта, желательно мужчину, умеющего работать и с выплесками эмоций и с агрессией. Описала ситуацию общо и не знаю, нужен специалист по семейным отношениям или индивидуальной работе. Надеюсь, задачи конкретизируются на первом сеансе. Заранее благодарю.;"Если у вас случилась депрессия, вас отвергли в отношениях или потеряли работу. Не складываются отношения с женой (мужем).
Вам трудно найти пару в жизни. Бываете неудовлетворены своей жизнью. Случились конфликты с родителями, детьми, начальством.
Работаю с такими проблемами, как трудности в общении, проблемы отношений в паре, депрессии, низкая самооценка, оздоровление организма, творческий и духовный кризис. Помогаю людям, испытывающим трудности в семейных отношениях. Работаю через дыхание с травмой рождения.";1;3
Здравствуйте, подскажите пожалуйста куда можно обратиться за диагностикой. Я постоянно отвлекаюсь, забываю про запланированные дела, откладываю дела про которые помню на часы и дни, хотя задачи простые, а другими вещами могу увлечься так что не оторвать - пока мне вдруг не надоест. Мне кажется что у меня недиагнозированный СДВГ, и это сильно мешает моей продуктивности;"Использую радикальные и авторские методики.
Сферы проработки: отношения/любовь, финансы/потенциал, родительско-детские отношения; психосоматика (хронические заболевания, не имеющие стандартного излечения), зависимости (алкоголь, игромания (лудомания), рпп (булемия, анорексия, переедание), наркомания, зависимые отношения), тревожные расстройства (панические атаки, фобии), самооценка, тема отношений и достижений.
Работаю в направлениях: диалектико-поведенческая терапия, аналитическая психотерапия, быстрые личностные изменения (RPT), клиническая психология, психологическая диагностика, нейролингвистическая психотерапия (NLPt), десенсибилизация и переработка с помощью движений глаз (ДПДГ / EMDR), сексология, кризисная психология и психотерапия.";0;1
Добрый день! Нужен психолог, специализирующийся на психосоматике. Обязательно с основным высшим психологическим образованием;"Ко мне можно обратиться с проблемами в отношениях, со сложностями в общении, в ситуации неуверенности в себе и поиска себя, депрессии, повышенной тревожности, ситуации развода, расставания, утраты, с проблемами зависимости и созависимости
Я могу помочь обрести уверенность в собственных силах, опору на себя, понимание своих потребностей и желаний, видение своих сильных и слабых сторон, умение справляться со сложными переживаниями. Я не предлагаю готовых решений, а помогаю понять, что можно сделать и какими силами. И даже если совсем ничего сделать нельзя, как это можно пережить.
В своей работе руководствуюсь следующими принципами: уважение, принятие и равная ответственность за результат терапии. Терапия - не только ваша работа и не только моя работа, это путь, который мы пройдем вместе.";0;2
Здравствуйте, подскажите пожалуйста куда можно обратиться за диагностикой. Я постоянно отвлекаюсь, забываю про запланированные дела, откладываю дела про которые помню на часы и дни, хотя задачи простые, а другими вещами могу увлечься так что не оторвать - пока мне вдруг не надоест. Мне кажется что у меня недиагнозированный СДВГ, и это сильно мешает моей продуктивности;"Наиболее эффективно работаю с запросами:
- Хронический стресс;
- Все виды тревоги, страхов и фобий
- Депрессивные состояния;
- Низкая самооценка и самоценность;
- Проблемы в отношениях;
- Развод, расставание;
- Потеря близкого человека;
- Помощь родственникам и близким в отношениях с зависимыми от алкоголя, наркотиков;
- Помощь имеющим близких страдающих депрессией;
- Отношения в коллективе;
- Созависимость.

Мои знания и опыт помогают клиентам разобраться с самыми разными проблемами в жизни: сложности в отношениях, почему не складываются отношения, почему сложно достигнуть цели или; а если цель достигнута, нет удовлетворения от достигнутого, как вернуть удовольствие от жизни или профессии, как адаптироваться к жизни в другой стране или городе.

В терапии я помогаю клиенту больше увидеть и осознать почему он поступает и думает так в той или иной ситуации. Это позволяет пересмотреть или отказаться от неэффективных, мешающих стратегий поведения и заменить их на более созвучные для него, прийти к гармонии в отношениях с собой и миром.

Я веду своих клиентов с помощью терапии к удовлетворению от жизни.";0;1
Добрый день! Любезно прошу помощи с контактами специалиста для работы со следующей ситуацией: нарастающая год от года, неконтролируемая агрессия супруга усугубляет сложные отношения, разрушает брак. Он осознает, периодически винит себя, но ситуация уже критическая. Последняя попытка спасти семью. Ищем психотерапевта, желательно мужчину, умеющего работать и с выплесками эмоций и с агрессией. Описала ситуацию общо и не знаю, нужен специалист по семейным отношениям или индивидуальной работе. Надеюсь, задачи конкретизируются на первом сеансе. Заранее благодарю.;"Невозможно избежать проблем и сложностей в жизни. Мы не всемогущие... а жаль.
И когда становится трудно, хочется опереться на понимающего, принимающего без оценок и критики человека, который протянет руку и станет опорой. Я готова стать этой опорой.
С какими проблемами ко мне можно прийти?

- Ухудшение отношений с близкими;

- Подавленность, плохое настроение;

- Депрессия;

- Развод или измена;

- Несчастная любовь;

- Постоянное недовольство собой и другими;

- Проблемы в воспитании детей;

- Эмоциональные зависимости;

- Одиночество;

- Навязчивое поведение;

- Проблемы с деньгами;

- Потеря близкого человека;

- Эмоциональное и физическое насилие;

- Лишний вес и расстройства пищевого поведения и другое.

Я сделала своей профессией, своим призванием помощь людям в улучшении их жизни.";1;4
Добрый день! Любезно прошу помощи с контактами специалиста для работы со следующей ситуацией: нарастающая год от года, неконтролируемая агрессия супруга усугубляет сложные отношения, разрушает брак. Он осознает, периодически винит себя, но ситуация уже критическая. Последняя попытка спасти семью. Ищем психотерапевта, желательно мужчину, умеющего работать и с выплесками эмоций и с агрессией. Описала ситуацию общо и не знаю, нужен специалист по семейным отношениям или индивидуальной работе. Надеюсь, задачи конкретизируются на первом сеансе. Заранее благодарю.;"Помогаю клиентам разобраться в сложных жизненных ситуациях:

- семейных конфликтах;

- отношениях в паре;

- детско-родительских отношениях;

- проблемах с самооценкой и уверенности в себе;

- при возникновении страхов, фобий, тревог, потерь.
В работе психолога считаю очень важным сохранять конфиденциальность информации, которую клиент доверяет психологу, не оценивать, не критиковать клиента, а помогать справляться с трудными ситуациями, сопереживать вместе возникшие чувства.";1;4
Добрый день! Нужен психолог, специализирующийся на психосоматике. Обязательно с основным высшим психологическим образованием;"Помогаю осознавать природу внутренних конфликтов и переживаний, налаживать контакт с собой и окружающим миром, находить внутренние ресурсы для действий.
Работаю со следующими запросами:

- Проблемы в выстраивании отношений с людьми (с партнером, с коллегами), сложности заводить новые отношения, освободиться от старых отношений;

- Непереносимые эмоциональные переживания (обида, вина, стыд, гнев, горе);

- Депрессивные состояния (апатия, упадок сил, отсутствие интереса к чему-либо);

- Эмоциональная зависимость (ощущение принужденности, отсутствие личных границ в отношениях);

- Страхи, фобии;

- Невротические реакции (страх за свое здоровье без объективных причин, хроническая утомляемость, навязчивые действия, приступы тревоги);

- Психосоматика (телесные симптомы, причины которых не являются подтвержденными медицинским обследованием): перепады давления, головокружения, тошнота, потемнения в глазах, боли в теле.
Принципы, которых я придерживаюсь в работе:

- Уважение к клиенту, его индивидуальности и свободе выбора;

- Честность, открытость;

- Конфиденциальность;

- Бережное отношение к внутреннему миру клиента.";1;4
Добрый день! Нужен психолог, специализирующийся на психосоматике. Обязательно с основным высшим психологическим образованием;"Помогаю:
- Пережить утрату;

- Справиться с тревогой и паническими атаками;

- Осознать и, если необходимо, изменить жизненный сценарий;

- Принять свою ценность.

Работаю с диагнозами депрессия (при дополнительном участии психиатра), с расстройствами пищевого поведения (переедание, булимия), с психосоматикой.
Мои основные принципы в работе:
1. Равенство в контакте, взаимоуважение.

2. Человек - это уникальная личность со своим особенным внутренним миром, поэтому только сам Человек знает, что ему на самом деле нужно.

3. Человек может выбирать свой путь.";0;1
Добрый день! Любезно прошу помощи с контактами специалиста для работы со следующей ситуацией: нарастающая год от года, неконтролируемая агрессия супруга усугубляет сложные отношения, разрушает брак. Он осознает, периодически винит себя, но ситуация уже критическая. Последняя попытка спасти семью. Ищем психотерапевта, желательно мужчину, умеющего работать и с выплесками эмоций и с агрессией. Описала ситуацию общо и не знаю, нужен специалист по семейным отношениям или индивидуальной работе. Надеюсь, задачи конкретизируются на первом сеансе. Заранее благодарю.;"Практикую гештальт-подход. Гештальт-терапия направлена на то, чтобы вернуть человеку самого себя и свободу выбора в жизни.
Помогу вам со следующими запросами:

- Избавиться от тревожности и вернуть остроту жизни;

- Наладить отношения с самим собой: принять себя, повысить самооценку, решить внутриличностные конфликты;

- Решить межличностные проблемы, которые мешают построить отношения с партнером, родителями; установить личные границы; выстроить общение в коллективе; доверять людям, перестать ревновать и обижаться;

- Понять, как достичь цели: заработать денег, построить карьеру, открыть бизнес, завести семью, похудеть, получить образование.

Помогу устранить расстройства пищевого поведения, такие как:

- Невозможность похудеть;

- Неконтролируемые приступы переедания;

- Стремление к отказу от еды;

- Заедание эмоций.

Также, работаю со сновидениями - помогаю обнаружить внутриличностные конфликты, которые вы скрываете сами от себя, разрешить их или перевести на осознанный уровень.
Являясь незрячим терапевтом, в своей работе опираюсь на тонкое слушание того, кто мне пришел.
Мои клиенты — люди, которым интересно самопознание, процесс исследования и понимания самих себя. К сожалению, я не могу быть полезен тем, кому нужна волшебная таблетка — гарантированно быстрый результат при минимальных действиях.";0;2
Здравствуйте подскажите пожалуйста хорошего семейного психолога, мне с женой - в браке 7 лет, после жизненой двуякой ситуации и скандала есть вариант развода. Чувства, желания и множество пройденных неприятностей вместе не дают на эмоциях развестись. Нужен хороший психолог помочь разобраться в делах сердечных и сохранить брак.;"Приглашаю в терапию тех, кто:
- разучился радоваться жизни и перестал замечать себя;

- кто устал ходить на нелюбимую работу и боится менять свою жизнь; - у кого нет взаимопонимания с родными и близкими, с коллегами и любимыми;

- кому грустно и одиноко.

Часто работаю с кризисами, гореванием, с проблемами личных границ человека, взаимоотношениями с людьми, детскими травмами, поиском смыслов.
Мне тоже знаком опыт потерь, бессилия, промахов, предательства и несправления. Я не понаслышке знаю, что многим из нас не хватает тепла, разрешения быть усталой и неидеальной, когда тебя не замечают и нет признания, как трудно справляться с токсическим стыдом, быть устойчивой к манипуляциям и вине, разрешать себе быть нехорошей и неудобной.
Обучаясь гештальт-терапии, проходя свою личную терапию, мне удалось пройти этот путь от обвинения и самобичевания к устойчивости и осознанности. И тем ценнее мне то, что я имею в настоящее время.
Я точно понимаю, что все не навсегда и история будет меняться, ухудшаться или улучшаться, пока я живу и следую за собой и своими желаниями быть здесь и сейчас.
Мой жизненный опыт, полученные знания и умения в области психологии, помогают мне, как терапевту, быть бережной и внимательной, уважительно и с доверием относиться к вам и вашей жизни, давать много поддержки. Со мной нестрашно.";1;3
Добрый день! Нужен психолог, специализирующийся на психосоматике. Обязательно с основным высшим психологическим образованием;"Приглашаю поисследовать отношения как с самим собой, так и с другими, экологично пережить внутренний кризис и разобраться в чувствах.
Работаю с запросами самореализации, мотивации, с самооценкой, одиночеством, выбором партнера, с пищевым поведением и сексуальными трудностями. Ко мне обращаются с психосоматикой, с травмами, разводом, переездом и адаптацией, некоторыми видами зависимостей (эмоциональная, гаджеты), выгоранием.
С запросами сепарации с детьми подросткового возраста и трудностями в общении с ними.
Также работаю с индивидуальными запросами на финансовые темы, с организацией бизнес-процессов и разрешения конфликтных ситуаций в социальном общении.
Придерживаюсь принципов конфиденциальности, этики, бережного отношения.
Не работаю с парами, людьми с психиатрическими диагнозами и химическими зависимостями.";0;2
Здравствуйте подскажите пожалуйста хорошего семейного психолога, мне с женой - в браке 7 лет, после жизненой двуякой ситуации и скандала есть вариант развода. Чувства, желания и множество пройденных неприятностей вместе не дают на эмоциях развестись. Нужен хороший психолог помочь разобраться в делах сердечных и сохранить брак.;Работаю  с  переживаниями кризисных ситуаций, с трудностями в процессе смены рода деятельности, с вопросами профессиональной и личностной самореализации, помогаю повысить самооценку, снова найти опору и смысл жизни. Работаю с тревогой, депрессией, страхами, утратой, одиночеством, с отношениями в паре, с темами сексологии. Придерживаюсь принципов уважения и честности с клиентом, бережного отношения и принятия.;1;3
Добрый день! Любезно прошу помощи с контактами специалиста для работы со следующей ситуацией: нарастающая год от года, неконтролируемая агрессия супруга усугубляет сложные отношения, разрушает брак. Он осознает, периодически винит себя, но ситуация уже критическая. Последняя попытка спасти семью. Ищем психотерапевта, желательно мужчину, умеющего работать и с выплесками эмоций и с агрессией. Описала ситуацию общо и не знаю, нужен специалист по семейным отношениям или индивидуальной работе. Надеюсь, задачи конкретизируются на первом сеансе. Заранее благодарю.;"Работаю как в краткосрочных, так и долгосрочных методах психотерапии.
Запросы и темы, с которыми имею большой и успешный опыт:

- Семейная терапия: гармонизация и выстраивание отношений в паре, налаживание детско-родительского взаимодействия;

- Кризисные моменты в семейных отношениях: ситуации измены, развода;

- Депрессивные состояния, тревожность, фобии (в том числе, аэрофобия), панические атаки, ОКР (работа в рамках краткосрочной терапии, с целью максимально быстрого купирования симптоматики );

- Эмоциональное выгорание, самооценка;

- Деструктивные поведенческие паттерны;

- Зависимости: алкогольная, наркотическая, игровая;

- Расстройства пищевого поведения (анорексия, булимия);

- Психоэмоциональная реабилитация жертв насилия;

- Пациенты с онкологическим диагнозом и члены их семей.

Мои основные принципы работы:

- Профессианализм и непрерывное профессиональное развитие;

- Ответственность и конфиденциальность;

- Выстраивание психотерапевтичекого процесса с целью максимально эффективного решения ситуации клиента.";1;5
Подскажите психотерапевта, работающего с избегающим расстройством личности, андрофобией, депрессией.;"Стаж 10 лет
""Работа со стрессом и его последствиями, с негативными эмоциональными состояниями (тревога, агрессия, апатия, депрессивные состояния, чувства вины, обиды и др.), личной неудовлетворенностью качеством жизни и повторяющимися негативными жизненными сценариями.
Работа с самооценкой и неуверенностью в себе.
Раскрытие внутреннего потенциала (Профориентация, профессиональная и личная эффективность. Работа с личными и возрастными кризисами)
Работа по снижению веса и выстраиванию гармоничных отношений с едой
Поддержка и помощь в периоды сложностей в отношениях, разрывов отношений, разводов.""";1;3
Подскажите хорошего специалиста проблема разрыв отношений..переживание все ли сделала правильно сомнения;"Стаж 10 лет
""Работа со стрессом и его последствиями, с негативными эмоциональными состояниями (тревога, агрессия, апатия, депрессивные состояния, чувства вины, обиды и др.), личной неудовлетворенностью качеством жизни и повторяющимися негативными жизненными сценариями.
Работа с самооценкой и неуверенностью в себе.
Раскрытие внутреннего потенциала (Профориентация, профессиональная и личная эффективность. Работа с личными и возрастными кризисами)
Работа по снижению веса и выстраиванию гармоничных отношений с едой
Поддержка и помощь в периоды сложностей в отношениях, разрывов отношений, разводов.""";1;4
"Друзья, подскажите хорошего психотерапевта, психиатра или гипнотерапевта (официального), пожалуйста. Депрессивно-тревожное расстройство. Раньше не могла уснуть, теперь, даже если засыпаю, просыпаюсь ночью. Такое ощущение, что мозг не отключается вообще. Челюсть постоянно сжата, в теле тонус: приходится все время держать внимание на блоках, чтобы не перенапрягать. Так устала от себя, хочется уже просто жить и радоваться, но в первой половине дня я почти всегда, как зомби: что спала, что не спала. Энергии очень мало.
Поверхностные травмирующие события знаю. Похоже, сидит какая-то травма, о которой просто-напросто не помню.
И такое ощущение, что депрессия уже зафиксирована на гормональном уровне. Мозг все время прокручивает болезненные события и страхи. ";"Стаж 10 лет
Принимает взрослых с 18 лет.
Моя работа основана на бережном и уважительном отношении к вашим ценностям и убеждениям. Во время сессий я стараюсь создать безопасное пространство, в котором вы сможете получить помощь и поддержку.
С чем я работаю: кризисные и переломные ситуации в жизни, тревога и страхи, самооценка, материнское выгорание и поддержка женщин в декретном отпуске, поддержка во время беременности, трудности в отношениях (семейные, детско-родительские, личные), личные границы, личностный рост и раскрытие потенциала.";0;1
Здравствуйте подскажите пожалуйста хорошего семейного психолога, мне с женой - в браке 7 лет, после жизненой двуякой ситуации и скандала есть вариант развода. Чувства, желания и множество пройденных неприятностей вместе не дают на эмоциях развестись. Нужен хороший психолог помочь разобраться в делах сердечных и сохранить брак.;"Стаж 11 лет
Поможет разобраться и увидеть оптимальные решения в любых карьерных вопросах, в желании изменить свою жизнь, запросах, связанных со здоровьем и телом (психосоматика), лишним весом, сложных отношениях с родителями во взрослом возрасте, одиночеством, переходных моментах и кризисах в жизни, при расставании, поисках выхода из застревания в прошлом, поиске себя и своего пути, самореализации, поиске и интеграции ресурсов, раскрытии собственного потенциала, личностном росте, депрессии, адаптации в новых условиях, раскрытии женственности, отношениях в паре, отношениях в коллективе, окажет поддержку в стрессовых ситуациях,  психологическое сопровождение в постановке и достижении целей и др.";1;3
Подскажите пожалуйста хорошего не очень дорогого специалиста. Не могу справиться с собой: страхи, самобичевание , нежелание что - либо делать .;"Стаж 11 лет
Поможет разобраться и увидеть оптимальные решения в любых карьерных вопросах, в желании изменить свою жизнь, запросах, связанных со здоровьем и телом (психосоматика), лишним весом, сложных отношениях с родителями во взрослом возрасте, одиночеством, переходных моментах и кризисах в жизни, при расставании, поисках выхода из застревания в прошлом, поиске себя и своего пути, самореализации, поиске и интеграции ресурсов, раскрытии собственного потенциала, личностном росте, депрессии, адаптации в новых условиях, раскрытии женственности, отношениях в паре, отношениях в коллективе, окажет поддержку в стрессовых ситуациях,  психологическое сопровождение в постановке и достижении целей и др.";0;1
Добрый вечер! Прошу помощи,к кому обращаться, ребёнка словно подменили, теперь я не умею и знаю как вести коммуникацию с собственным ребенком;"Стаж 17 лет
Занимается психологическими кризисами, проблемами в отношениях, конфликтами внешними и внутренними, депрессиями, значительным снижением настроения, разводами, неуверенностью в себе, трудностями с выражением чувств и идей, навязчивыми мыслями и состояниями, страхами, паническими состояниями, психосоматическими расстройствами. В работе с детьми и родителями: проблемы детско-родительских отношений (родительская неуверенность, трудное поведение ребенка, проблемы воспитания). Помощь подросткам (налаживание отношений с близкими, сверстниками; коррекция поведения, преодоление возрастных трудностей). Работает в направлении Когнитивно-поведенческой терапии - это один из эффективных и научно обоснованных методов, который отлично зарекомендовал себя как в работе со взрослыми, так и с подростками. Данный метод направлен на изменение когнитивных искажений (мыслей, убеждений, установок) и поведения, а также улучшение эмоциональной регуляции и выработку новых более эффективных стратегий в решении текущих проблем. Работа в рамках краткосрочной, среднесрочной и долгосрочной психотерапии.";1;5
"Друзья, подскажите хорошего психотерапевта, психиатра или гипнотерапевта (официального), пожалуйста. Депрессивно-тревожное расстройство. Раньше не могла уснуть, теперь, даже если засыпаю, просыпаюсь ночью. Такое ощущение, что мозг не отключается вообще. Челюсть постоянно сжата, в теле тонус: приходится все время держать внимание на блоках, чтобы не перенапрягать. Так устала от себя, хочется уже просто жить и радоваться, но в первой половине дня я почти всегда, как зомби: что спала, что не спала. Энергии очень мало.
Поверхностные травмирующие события знаю. Похоже, сидит какая-то травма, о которой просто-напросто не помню.
И такое ощущение, что депрессия уже зафиксирована на гормональном уровне. Мозг все время прокручивает болезненные события и страхи. ";"Стаж 17 лет
Занимается психологическими кризисами, проблемами в отношениях, конфликтами внешними и внутренними, депрессиями, значительным снижением настроения, разводами, неуверенностью в себе, трудностями с выражением чувств и идей, навязчивыми мыслями и состояниями, страхами, паническими состояниями, психосоматическими расстройствами. В работе с детьми и родителями: проблемы детско-родительских отношений (родительская неуверенность, трудное поведение ребенка, проблемы воспитания). Помощь подросткам (налаживание отношений с близкими, сверстниками; коррекция поведения, преодоление возрастных трудностей). Работает в направлении Когнитивно-поведенческой терапии - это один из эффективных и научно обоснованных методов, который отлично зарекомендовал себя как в работе со взрослыми, так и с подростками. Данный метод направлен на изменение когнитивных искажений (мыслей, убеждений, установок) и поведения, а также улучшение эмоциональной регуляции и выработку новых более эффективных стратегий в решении текущих проблем. Работа в рамках краткосрочной, среднесрочной и долгосрочной психотерапии.";0;1
Здравствуйте, ищу специалиста психотерапевта - мужчина, для проработки ненадежного типа привязанности и проблем в отношениях. Желательно обладающего мед. знаниями в области психиатрии для обнаружения (при наличии ) психиатрического диагноза( биполярное расстройство личности, пограничное расстройство и тп). Вопрос цены немаловажен , готова рассмотреть варианты спец. с небольшим опытом.;"Стаж 17 лет
Здравствуйте, меня зовут Виктория Томилина, я психолог, когнитивно – поведенческий психотерапевт, член Ассоциации Когнитивно – Поведенческой Психотерапии, системный бизнес-коуч и специалист по Майндфулнес.
Я закончила высшее психологическое образование и получила звание магистра в Российском Государственном Гуманитарном Университете. А также имею второе высшее юридическое образование.
Имею большоой опыт частной практики по личным и бизнес запросам, а также опыт работы в HR b и собственном бизнесе.
""Я работаю: с тревожными расстройствами; депрессивными состояниями; страхами; проблемами с регуляцией эмоций;
стрессовыми и кризисными ситуациями; сложностями в межличностных отношениях, в том числе на работе; работаю с самооценкой и выстраиванием личных границ; с повышением качества жизни.""
Я также работаю с бизнес запросами: выгорание; разработка личной стратегии; управление и развитие команды; лидерские навыки; работа с конфликтами; помогаю найти сильные стороны и точки опоры. Работаю с теми, кто понимает, что все хорошо, но может быть еще лучше!
Регулярно прохожу личную терапию и коучинг, супервизии и интервизии.";0;1
Подскажите психотерапевта, работающего с избегающим расстройством личности, андрофобией, депрессией.;"Стаж 17 лет
Клинический психолог, нейропсихолог, системный семейный терапевт, КПТ- и EMDR- терапевт.
""Основные запросы:
— личностные кризисы
— сложности адаптации
— проблемы с самоопределением
— тревожные состояния (страхи и фобии)
— сильные эмоциональные переживания
— трудности с построением личных границ
— низкая самооценка (самокритика, вина, стыд)
— постановка целей и поддержка в их достижении
— горевание (расставание или смерть близкого человека, другие утраты)
— проблемы в отношениях (одиночество, конфликты, кризисы, созависимость)
— затруднения в профессиональной сфере (прокрастинация, перфекционизм, выгорание,  трудоголизм).""
""Подходы и методы, которые используются в работе:
—  транзактный анализ (ТА)
—  психоаналитическая терапия (психоанализ)
—  системная семейная терапия (ССТ)
—  терапия внутренних семейных систем (IFS)
— когнитивно-поведенческая терапия (CBT)
— терапия принятия и ответственности (ACT)
— эмоционально-образная терапия (ЭОТ)
— денсибилизация и переработка движением глаз (EMDR)
—  телесно-ориентированная психотерапия (ТОП).""";1;5
Девушка, 24 года, дереализация и тревожная депрессия, препараты подобраны, нужна психотерапия. Ваши рекомендации.;"Стаж 17 лет
Принимает взрослых с 18 лет .
Проводит психологические консультации по таким вопросам, как жизненные проблемы и потрясения, конфликты с родными и близкими, непонимание, неуверенность в себе, низкая самооценка, потеря смысла жизни, проблемы в общении, психологические травмы, эмоциональные проблемы.";0;1
Подскажите хорошего специалиста проблема разрыв отношений..переживание все ли сделала правильно сомнения;"Стаж 17 лет
Принимает взрослых с 18 лет .
Проводит психологические консультации по таким вопросам, как жизненные проблемы и потрясения, конфликты с родными и близкими, непонимание, неуверенность в себе, низкая самооценка, потеря смысла жизни, проблемы в общении, психологические травмы, эмоциональные проблемы.";0;2
Подскажите психотерапевта, работающего с избегающим расстройством личности, андрофобией, депрессией.;"Стаж 17 лет
Принимает взрослых с 18 лет.
Расстройство личности, расстройство пищевого поведения (анорексия, булимия, компульсивное переедание), тревожное расстройство, панические атаки, психосоматика, депрессия, обсессивно-компульсивное расстройство, выгорание, созависимые отношения, семейные кризисы, конфликты, кризисы личности, нарушения адаптации/ когнитивно-поведенческая терапия, терапия принятия и ответственности, CFT, практики осознанности (mindfulness), метод Мюррей, метафорические карты.";0;2
Подскажите хорошего специалиста проблема разрыв отношений..переживание все ли сделала правильно сомнения;"Стаж 17 лет
Принимает взрослых с 18 лет.
Расстройство личности, расстройство пищевого поведения (анорексия, булимия, компульсивное переедание), тревожное расстройство, панические атаки, психосоматика, депрессия, обсессивно-компульсивное расстройство, выгорание, созависимые отношения, семейные кризисы, конфликты, кризисы личности, нарушения адаптации/ когнитивно-поведенческая терапия, терапия принятия и ответственности, CFT, практики осознанности (mindfulness), метод Мюррей, метафорические карты.";0;2
Добрый день! Ищу специалиста, постоянные сложности в отношениях с мужчинами и своей мамой. Помогите пожалуйста разобраться в себе! Буду очень признательна!;"Стаж 18 лет
""Работает с неуверенностью в себе, проблемами в отношениях, депрессивными состояниями, страхами, паническими атаками.
Поможет пережить расставание/развод, утрату близкого. Разобраться в причинах, если что-то не получается, принять трудное решение.""";1;3
Подскажите пожалуйста хорошего не очень дорогого специалиста. Не могу справиться с собой: страхи, самобичевание , нежелание что - либо делать .;"Стаж 18 лет
""Работает с неуверенностью в себе, проблемами в отношениях, депрессивными состояниями, страхами, паническими атаками.
Поможет пережить расставание/развод, утрату близкого. Разобраться в причинах, если что-то не получается, принять трудное решение.""";1;4
Добрый день! Нужен психолог, специализирующийся на психосоматике. Обязательно с основным высшим психологическим образованием;"Стаж 2 года
Принимает взрослых с 18 лет.
Я работаю основываясь на теории КПТ, поведенческого анализа. При взаимодействии помогаю справиться с негативными переживаниями и эмоциями: страх, тревога, дистресс, неувереннлсть, низкая самооценка. А также помогу проанализировать и сформировать желательное поведение, разработать мотивирование.";0;1
"Друзья, подскажите хорошего психотерапевта, психиатра или гипнотерапевта (официального), пожалуйста. Депрессивно-тревожное расстройство. Раньше не могла уснуть, теперь, даже если засыпаю, просыпаюсь ночью. Такое ощущение, что мозг не отключается вообще. Челюсть постоянно сжата, в теле тонус: приходится все время держать внимание на блоках, чтобы не перенапрягать. Так устала от себя, хочется уже просто жить и радоваться, но в первой половине дня я почти всегда, как зомби: что спала, что не спала. Энергии очень мало.
Поверхностные травмирующие события знаю. Похоже, сидит какая-то травма, о которой просто-напросто не помню.
И такое ощущение, что депрессия уже зафиксирована на гормональном уровне. Мозг все время прокручивает болезненные события и страхи. ";"Стаж 20 лет
Занимается проблемами в семье, на работе, депрессиями, апатией, чувством одиночества, вины, обиды, потерей смысла жизни, предназначением и т.д. Занимается зависимостью, созависимостью, расстройством пищевого поведения, психогенной депрессией.";0;1
Подскажите хорошего специалиста проблема разрыв отношений..переживание все ли сделала правильно сомнения;"Стаж 20 лет
Занимается проблемами в семье, на работе, депрессиями, апатией, чувством одиночества, вины, обиды, потерей смысла жизни, предназначением и т.д. Занимается зависимостью, созависимостью, расстройством пищевого поведения, психогенной депрессией.";0;2
Здравствуйте, ищу специалиста психотерапевта - мужчина, для проработки ненадежного типа привязанности и проблем в отношениях. Желательно обладающего мед. знаниями в области психиатрии для обнаружения (при наличии ) психиатрического диагноза( биполярное расстройство личности, пограничное расстройство и тп). Вопрос цены немаловажен , готова рассмотреть варианты спец. с небольшим опытом.;"Стаж 21 год
Занимается психологическими кризисами, проблемами в отношениях, конфликтами внешними и внутренними, депрессиями, разводом, неуверенностью в себе, трудностями с выражением чувств и идей, страхами, паническими состояниями.";1;3
"Друзья, подскажите хорошего психотерапевта, психиатра или гипнотерапевта (официального), пожалуйста. Депрессивно-тревожное расстройство. Раньше не могла уснуть, теперь, даже если засыпаю, просыпаюсь ночью. Такое ощущение, что мозг не отключается вообще. Челюсть постоянно сжата, в теле тонус: приходится все время держать внимание на блоках, чтобы не перенапрягать. Так устала от себя, хочется уже просто жить и радоваться, но в первой половине дня я почти всегда, как зомби: что спала, что не спала. Энергии очень мало.
Поверхностные травмирующие события знаю. Похоже, сидит какая-то травма, о которой просто-напросто не помню.
И такое ощущение, что депрессия уже зафиксирована на гормональном уровне. Мозг все время прокручивает болезненные события и страхи. ";"Стаж 24 года
Принимает взрослых.
Здравствуйте! Я работаю в большей степени в рамках гештальт-терапии, EMDR-терапии. Мы сможем проработать с Вами и найти выход из следующих ситуаций и переживаний:
Научная деятельность: Автор более 30 научных и методических публикаций, в том числе 2 монографии и 1 коллективная монография";0;1
Добрый вечер! Прошу помощи,к кому обращаться, ребёнка словно подменили, теперь я не умею и знаю как вести коммуникацию с собственным ребенком;"Стаж 25 лет
Индивидуальное и семейное психологическое консультирование. Работа со стрессом, тревогой. Работа с зависимыми состояниями. Снижение веса, корреция пищевого поведения.
Принимал участие в качестве тренера в обучении волонтеров-психологов в объеме 72 часов, организованном Фондом евразийского сотрудничества и интеграции, а также принимал участие в волонтерской программе специальной реабилитационной и психологической помощи жителям Донецкой Народной Республики, реализованной Фондом евразийского сотрудничества и интеграции с использованием средств Фонда президентских грантов.";0;2
"Друзья, подскажите хорошего психотерапевта, психиатра или гипнотерапевта (официального), пожалуйста. Депрессивно-тревожное расстройство. Раньше не могла уснуть, теперь, даже если засыпаю, просыпаюсь ночью. Такое ощущение, что мозг не отключается вообще. Челюсть постоянно сжата, в теле тонус: приходится все время держать внимание на блоках, чтобы не перенапрягать. Так устала от себя, хочется уже просто жить и радоваться, но в первой половине дня я почти всегда, как зомби: что спала, что не спала. Энергии очень мало.
Поверхностные травмирующие события знаю. Похоже, сидит какая-то травма, о которой просто-напросто не помню.
И такое ощущение, что депрессия уже зафиксирована на гормональном уровне. Мозг все время прокручивает болезненные события и страхи. ";"Стаж 25 лет
Индивидуальное и семейное психологическое консультирование. Работа со стрессом, тревогой. Работа с зависимыми состояниями. Снижение веса, корреция пищевого поведения.
Принимал участие в качестве тренера в обучении волонтеров-психологов в объеме 72 часов, организованном Фондом евразийского сотрудничества и интеграции, а также принимал участие в волонтерской программе специальной реабилитационной и психологической помощи жителям Донецкой Народной Республики, реализованной Фондом евразийского сотрудничества и интеграции с использованием средств Фонда президентских грантов.";0;1
Девушка, 24 года, дереализация и тревожная депрессия, препараты подобраны, нужна психотерапия. Ваши рекомендации.;"Стаж 28 лет
""Психологическая помощь при разрешении конфликтов: детско-родительские отношения, супружеские, взаимоотношения на работе.
Семейное и индивидуальное консультирование, выбор жизненного пути, сопровождение изменений и личностных кризисов.
Возрастные кризисы, приступы тревоги и страха.
Выявление наследственных предрасположенностей и их влияние на личную эффективность и карьеру.
Психоаналитический подход  делает работу с затруднениями клиентов глубокой и целостной, позволяя выявить и бережно проработать их истинные причины.
Работаю со всеми видами запросов, связанными с поиском персонального смысла, улучшением качества жизни, повышением профессиональной и личной эффективности.""";0;2
Подскажите хорошего специалиста проблема разрыв отношений..переживание все ли сделала правильно сомнения;"Стаж 28 лет
""Психологическая помощь при разрешении конфликтов: детско-родительские отношения, супружеские, взаимоотношения на работе.
Семейное и индивидуальное консультирование, выбор жизненного пути, сопровождение изменений и личностных кризисов.
Возрастные кризисы, приступы тревоги и страха.
Выявление наследственных предрасположенностей и их влияние на личную эффективность и карьеру.
Психоаналитический подход  делает работу с затруднениями клиентов глубокой и целостной, позволяя выявить и бережно проработать их истинные причины.
Работаю со всеми видами запросов, связанными с поиском персонального смысла, улучшением качества жизни, повышением профессиональной и личной эффективности.""";0;2
Добрый день! Ищу специалиста, постоянные сложности в отношениях с мужчинами и своей мамой. Помогите пожалуйста разобраться в себе! Буду очень признательна!;"Стаж 28 лет
Принимает взрослых с 18 лет.
Невротические, тревожные, аффективные, соматоформные расстройства.";0;1
Подскажите пожалуйста хорошего не очень дорогого специалиста. Не могу справиться с собой: страхи, самобичевание , нежелание что - либо делать .;"Стаж 28 лет
Принимает взрослых с 18 лет.
Невротические, тревожные, аффективные, соматоформные расстройства.";0;2
Добрый день! Нужен психолог, специализирующийся на психосоматике. Обязательно с основным высшим психологическим образованием;"Стаж 3 года
""Работаю в доказательном направлении КПТ, АСТ.
Работаю с различными состояниями: новрозами, паническими атаками, тревогой, депрессией, пониженным настроением, циклотимией, навязчивыми состояниями, навязчивыми мыслями, ОКР, БАР.
Также работаю с различными жизненными трудностями: самооценкой, трудностями во взаимоотношениях, одиночеством, агрессией.""
На данный момент прохожу повышение квалификации в МГУ им. Ломоносова на курсе Терапия принятием и ответственностью.";0;2
Здравствуйте, ищу специалиста психотерапевта - мужчина, для проработки ненадежного типа привязанности и проблем в отношениях. Желательно обладающего мед. знаниями в области психиатрии для обнаружения (при наличии ) психиатрического диагноза( биполярное расстройство личности, пограничное расстройство и тп). Вопрос цены немаловажен , готова рассмотреть варианты спец. с небольшим опытом.;"Стаж 3 года
Здравствуйте, меня зовут Якушкина Анастасия, я психолог, когнитивно – поведенческий психотерапевт, член Ассоциации Когнитивно – Поведенческой Психотерапии.
У меня два высших образования, первое педагогическое, второе психологическое по специальности консультативная психология, полученное в Московском Институте Психоанализа.
""С какими запросами я работаю: с тревожными расстройствами, в частности  с генерализованным тревожным расстройством, соматоформным расстройством; депрессивными состояниями;
стресс(хронический, острый), в том числе посттравматическое стрессовое расстройство и комплексное посттравматическое стрессовое расстройство; эмоции: «не чувствую», «не понимаю», «не умею контролировать», «не хочу это чувствовать»; межличностные отношения: родители - дети, мужья – жены, начальники – подчиненные, т.е. всевозможные; неадаптивное поведение: «не умею говорить нет», «постоянно подстраиваюсь под других», «прокрастинирую».
На постоянной основе прохожу личную терапию, супервизию и интервизию.";1;3
Здравствуйте, ищу специалиста психотерапевта - мужчина, для проработки ненадежного типа привязанности и проблем в отношениях. Желательно обладающего мед. знаниями в области психиатрии для обнаружения (при наличии ) психиатрического диагноза( биполярное расстройство личности, пограничное расстройство и тп). Вопрос цены немаловажен , готова рассмотреть варианты спец. с небольшим опытом.;"Стаж 3 года
Оказывает психологическую помощь при жизненных проблемах (развод, смерть близкого), конфликтах с родными, неуверенности в себе, низкой самооценке, потере смысла жизни, проблемах в общении, психологических травмах, эмоциональных проблемах.";0;1
Добрый день! Ищу специалиста, постоянные сложности в отношениях с мужчинами и своей мамой. Помогите пожалуйста разобраться в себе! Буду очень признательна!;"Стаж 3 года
Я — клинический психолог, когнитивно-поведенческий терапевт, схема-терапевт.
Принимаю взрослых с 18 лет.
Работаю в когнитивно-поведенческом подходе – это методы психотерапии с доказанной эффективностью.""
Обучаю, что такое и как устроена психика, Рассказываю, из чего складываются наши эмоции и почему их не надо бояться. Обучаю навыкам регулировать свои эмоции, оценивать ситуацию и адаптироваться, общаться с другими.
Помогу, если тревожно, страшно. Если у вас сложная ситуация: разлад или разрыв отношений, потеря работы, смерть, стресс, перемены, если вам трудно что-то сделать. Если вы не знаете, как хотите реализовать себя и какую работу выбрать. Если вы чувствуете, что с вами «что-то не так», что вы «какой-то неправильный», что вы «чувствуете что-то не то» или если вам кажется, что нужно контролировать эмоции и у вас это не получается. Если вам плохо, если вы подавлены, если вы не хотите ни с кем общаться – кроме психолога, конечно.
Обращаться к психологу – нормально и не страшно. Я никогда не отношусь к клиентам с предвзятостью и всегда стараюсь внимательно слушать, помочь и не навредить.
Фиксированные достижения:
Диплом бакалавра психологии с отличием и золотой медалью, диплом магистра психологии с отличием
Научная деятельность:
Спикер научных конференций по психологии; автор научных статей по психологии; автор коллективной монографии ""Современные аспекты психологии бизнеса"" (изд. Русайнс, 2023).
Член Ассоциации когнитивно-поведенческой психотерапии.";1;3
Подскажите пожалуйста хорошего не очень дорогого специалиста. Не могу справиться с собой: страхи, самобичевание , нежелание что - либо делать .;"Стаж 3 года
Я — клинический психолог, когнитивно-поведенческий терапевт, схема-терапевт.
Принимаю взрослых с 18 лет.
Работаю в когнитивно-поведенческом подходе – это методы психотерапии с доказанной эффективностью.""
Обучаю, что такое и как устроена психика, Рассказываю, из чего складываются наши эмоции и почему их не надо бояться. Обучаю навыкам регулировать свои эмоции, оценивать ситуацию и адаптироваться, общаться с другими.
Помогу, если тревожно, страшно. Если у вас сложная ситуация: разлад или разрыв отношений, потеря работы, смерть, стресс, перемены, если вам трудно что-то сделать. Если вы не знаете, как хотите реализовать себя и какую работу выбрать. Если вы чувствуете, что с вами «что-то не так», что вы «какой-то неправильный», что вы «чувствуете что-то не то» или если вам кажется, что нужно контролировать эмоции и у вас это не получается. Если вам плохо, если вы подавлены, если вы не хотите ни с кем общаться – кроме психолога, конечно.
Обращаться к психологу – нормально и не страшно. Я никогда не отношусь к клиентам с предвзятостью и всегда стараюсь внимательно слушать, помочь и не навредить.
Фиксированные достижения:
Диплом бакалавра психологии с отличием и золотой медалью, диплом магистра психологии с отличием
Научная деятельность:
Спикер научных конференций по психологии; автор научных статей по психологии; автор коллективной монографии ""Современные аспекты психологии бизнеса"" (изд. Русайнс, 2023).
Член Ассоциации когнитивно-поведенческой психотерапии.";1;3
Девушка, 24 года, дереализация и тревожная депрессия, препараты подобраны, нужна психотерапия. Ваши рекомендации.;"Стаж 34 года
Наталья Николаевна специализируется на когнитивно-поведенческой терапии и личностно-ориентированной реконструктивнойпсихотерапии, сексологии и семейной психотерапию.
";0;3
Добрый вечер! Прошу помощи,к кому обращаться, ребёнка словно подменили, теперь я не умею и знаю как вести коммуникацию с собственным ребенком;"Стаж 4 года
Принимает взрослых с 18 лет.
— психосексуальные нарушения: терапия сексуальных расстройств, клиническая и патопсихологичнская диагностика;
""Направления, используемые в работе:
Системная семейная терапия, КПТ, Психосоматика (терапия психосоматических расстройств), Когнитивно-образная терапия, Эриксоновский гипноз.""
Мой главный принцип в работе - бережное сопровождение клиента на пути к его выздоровлению.
""Член ассоциаций врачей:
Консультативный член Общероссийской профессиональной психотерапевтической лиги""
Образование:
2020 диплом по специальности ""Основы психологической науки и практики"", Московский институт психоанализа
""2023 диплом по специальности """"Семейное консультирование и психотерапия"""", Московский институт психоанализа
Москва""
Курсы повышения квалификации:
""2020 """"Системная семейная терапия""""
Московский институт психоанализа""
""2021 """"Когнитивно-бихевиоральные технологии в клинической практике""""
Московский институт психоанализа""
""2021 """"Профайлинг""""
Российский государственный социальный университет""
""2023 """"Работа с психосоматическими расстройствами""""
Школа когнитивно-образной терапии""
""2023 Сертифицированное проведение Т-игры """"Психосоматика""""
Школа когнитивно-образной терапии""
""2023 """"Психофармакология""""
Авторский курс М.Карповой""
""2023 """"ЭРИКСОНОВСКИЙ ГИПНОЗ""""
ЧОУ ДПО """"НАЦИОНАЛЬНАЯ ГУМАНИТАРНАЯ АКАДЕМИЯ""""""
""2023 """"ПСИХОЛОГИЧЕСКОЕ КОНСУЛЬТИРОВАНИЕ И ПСИХОТЕРАПИЯ КЛИЕНТОВ, ИМЕЮЩИХ ПСИХОСЕКСУАЛЬНЫЕ НАРУШЕНИЯ""""
ООО """"Международный институт сертифицированного образования и повышения квалификации""""""
Опыт работы:
2020 - 2023 Психолог, Частная практика
Москва";0;1
"Друзья, подскажите хорошего психотерапевта, психиатра или гипнотерапевта (официального), пожалуйста. Депрессивно-тревожное расстройство. Раньше не могла уснуть, теперь, даже если засыпаю, просыпаюсь ночью. Такое ощущение, что мозг не отключается вообще. Челюсть постоянно сжата, в теле тонус: приходится все время держать внимание на блоках, чтобы не перенапрягать. Так устала от себя, хочется уже просто жить и радоваться, но в первой половине дня я почти всегда, как зомби: что спала, что не спала. Энергии очень мало.
Поверхностные травмирующие события знаю. Похоже, сидит какая-то травма, о которой просто-напросто не помню.
И такое ощущение, что депрессия уже зафиксирована на гормональном уровне. Мозг все время прокручивает болезненные события и страхи. ";"Стаж 4 года
Принимает взрослых с 18 лет.
— психосексуальные нарушения: терапия сексуальных расстройств, клиническая и патопсихологичнская диагностика;
""Направления, используемые в работе:
Системная семейная терапия, КПТ, Психосоматика (терапия психосоматических расстройств), Когнитивно-образная терапия, Эриксоновский гипноз.""
Мой главный принцип в работе - бережное сопровождение клиента на пути к его выздоровлению.
""Член ассоциаций врачей:
Консультативный член Общероссийской профессиональной психотерапевтической лиги";1;3
Здравствуйте, ищу специалиста психотерапевта - мужчина, для проработки ненадежного типа привязанности и проблем в отношениях. Желательно обладающего мед. знаниями в области психиатрии для обнаружения (при наличии ) психиатрического диагноза( биполярное расстройство личности, пограничное расстройство и тп). Вопрос цены немаловажен , готова рассмотреть варианты спец. с небольшим опытом.;"Стаж 4 года
Принимает детей и взрослых с 15 лет.
Ирина Андреевна работает:
•с детско-родительскими отношениями( сложности в общении с ребёнком, родителями и другими членами семьи);
•затруднениями в учебной деятельности;
•с трудными жизненными ситуациями ( смена места работы, переезд, измена, утрата, угроза жизни или здоровью );
•с личными кризисами и поиском смыслов;
•низкой самооценкой и неуверенностью в себе;
•сниженным эмоциональным фоном, работа с чувствами;
•депрессивные состояния, апатия, прокрастинация, тревога;
•сложности в общении, в том числе и с противоположным полом;
•суицидальное поведение, самоповреждения.";0;2
Добрый вечер! Прошу помощи,к кому обращаться, ребёнка словно подменили, теперь я не умею и знаю как вести коммуникацию с собственным ребенком;"Стаж 5 лет
Принимает взрослых и детей с 15 лет.
В рамках психологической помощи оказывается индивидуальное и семейное консультирования по вопросам: построения отношений и семейных конфликтов, разрывов; проблемы личностного роста и профессионального развития; переживание горя, тревог, страхов, одиночества; утрата смысла жизни.";1;3
Добрый вечер! Прошу помощи,к кому обращаться, ребёнка словно подменили, теперь я не умею и знаю как вести коммуникацию с собственным ребенком;"Стаж 5 лет
Принимает взрослых с 18 лет
Семейный психолог. КПТ терапевт.
Проблемы в семье. Тревожные расстройства. Депрессия. Зависимые расстройства. Паническое расстройство. Социофобия. Ипохондрия. Обсессивно-компульсивное расстройство.";0;2
"Друзья, подскажите хорошего психотерапевта, психиатра или гипнотерапевта (официального), пожалуйста. Депрессивно-тревожное расстройство. Раньше не могла уснуть, теперь, даже если засыпаю, просыпаюсь ночью. Такое ощущение, что мозг не отключается вообще. Челюсть постоянно сжата, в теле тонус: приходится все время держать внимание на блоках, чтобы не перенапрягать. Так устала от себя, хочется уже просто жить и радоваться, но в первой половине дня я почти всегда, как зомби: что спала, что не спала. Энергии очень мало.
Поверхностные травмирующие события знаю. Похоже, сидит какая-то травма, о которой просто-напросто не помню.
И такое ощущение, что депрессия уже зафиксирована на гормональном уровне. Мозг все время прокручивает болезненные события и страхи. ";"Стаж 5 лет
Принимает взрослых с 18 лет.
Методы: Когнитивно-поведенческая психотерапия (А. Бек), дополнительно методики из Транзактного анализа (Э. Берн), Экзистенциальной психотерапии (И. Ялом, В. Франкл), Эмоционально-образной психотерапии (Н. Линде).";0;1
Подскажите хорошего специалиста проблема разрыв отношений..переживание все ли сделала правильно сомнения;"Стаж 5 лет
Принимает взрослых с 18 лет.
Методы: Когнитивно-поведенческая психотерапия (А. Бек), дополнительно методики из Транзактного анализа (Э. Берн), Экзистенциальной психотерапии (И. Ялом, В. Франкл), Эмоционально-образной психотерапии (Н. Линде).";0;1
Добрый вечер! Прошу помощи,к кому обращаться, ребёнка словно подменили, теперь я не умею и знаю как вести коммуникацию с собственным ребенком;"Стаж 5 лет
Принимает взрослых с 18 лет.
Работаю с такими темами как: панические атаки, неврозы, низкая самооценка, тревога, синдром самозванца, прокрастинация.";0;1
"Друзья, подскажите хорошего психотерапевта, психиатра или гипнотерапевта (официального), пожалуйста. Депрессивно-тревожное расстройство. Раньше не могла уснуть, теперь, даже если засыпаю, просыпаюсь ночью. Такое ощущение, что мозг не отключается вообще. Челюсть постоянно сжата, в теле тонус: приходится все время держать внимание на блоках, чтобы не перенапрягать. Так устала от себя, хочется уже просто жить и радоваться, но в первой половине дня я почти всегда, как зомби: что спала, что не спала. Энергии очень мало.
Поверхностные травмирующие события знаю. Похоже, сидит какая-то травма, о которой просто-напросто не помню.
И такое ощущение, что депрессия уже зафиксирована на гормональном уровне. Мозг все время прокручивает болезненные события и страхи. ";"Стаж 5 лет
Принимает взрослых с 18 лет.
Работаю с такими темами как: панические атаки, неврозы, низкая самооценка, тревога, синдром самозванца, прокрастинация.";0;1
"Друзья, подскажите хорошего психотерапевта, психиатра или гипнотерапевта (официального), пожалуйста. Депрессивно-тревожное расстройство. Раньше не могла уснуть, теперь, даже если засыпаю, просыпаюсь ночью. Такое ощущение, что мозг не отключается вообще. Челюсть постоянно сжата, в теле тонус: приходится все время держать внимание на блоках, чтобы не перенапрягать. Так устала от себя, хочется уже просто жить и радоваться, но в первой половине дня я почти всегда, как зомби: что спала, что не спала. Энергии очень мало.
Поверхностные травмирующие события знаю. Похоже, сидит какая-то травма, о которой просто-напросто не помню.
И такое ощущение, что депрессия уже зафиксирована на гормональном уровне. Мозг все время прокручивает болезненные события и страхи. ";"Стаж 5 лет
Принимает взрослых с 18 лет.
Работаю с такими темами как: панические атаки, неврозы, низкая самооценка, тревога, синдром самозванца, прокрастинация.";1;3
Девушка, 24 года, дереализация и тревожная депрессия, препараты подобраны, нужна психотерапия. Ваши рекомендации.;"Стаж 5 лет
Провожу психологические консультации в когнитивно-поведенческом подходе.
""Вы можете обратиться ко мне с проблемой:
-тревожность, панические атаки, различные страхи;
-ипохондрия;
-ОКР;
-низкая самооценка;
-тяжелые эмоциональные состояния;
-выбор и принятие решений;
-отсутствие сил и ресурса;
-прокрастинация;
-профессиональное выгорание;
-навязчивые мысли.""
""Член ассоциаций врачей:
Член Ассоциации Когнитивно-Поведенческой Психотерапии""";0;2
Подскажите хорошего специалиста проблема разрыв отношений..переживание все ли сделала правильно сомнения;"Стаж 5 лет
Провожу психологические консультации в когнитивно-поведенческом подходе.
""Вы можете обратиться ко мне с проблемой:
-тревожность, панические атаки, различные страхи;
-ипохондрия;
-ОКР;
-низкая самооценка;
-тяжелые эмоциональные состояния;
-выбор и принятие решений;
-отсутствие сил и ресурса;
-прокрастинация;
-профессиональное выгорание;
-навязчивые мысли.""
""Член ассоциаций врачей:
Член Ассоциации Когнитивно-Поведенческой Психотерапии""";0;2
Здравствуйте подскажите пожалуйста хорошего семейного психолога, мне с женой - в браке 7 лет, после жизненой двуякой ситуации и скандала есть вариант развода. Чувства, желания и множество пройденных неприятностей вместе не дают на эмоциях развестись. Нужен хороший психолог помочь разобраться в делах сердечных и сохранить брак.;"Стаж 5 лет
Работа с самооценкой, созависимость, кризисы, внутренние конфликты, тревога, абьюзивные отношения.";0;2
Подскажите пожалуйста хорошего не очень дорогого специалиста. Не могу справиться с собой: страхи, самобичевание , нежелание что - либо делать .;"Стаж 5 лет
Работа с самооценкой, созависимость, кризисы, внутренние конфликты, тревога, абьюзивные отношения.";1;4
Подскажите пожалуйста хорошего не очень дорогого специалиста. Не могу справиться с собой: страхи, самобичевание , нежелание что - либо делать .;"Стаж 5 лет
Работаю с тревогой, эмоциональным выгоранием. Оказываю помощь и поддержку в достижении следующих целей:";1;3
Добрый вечер! Прошу помощи,к кому обращаться, ребёнка словно подменили, теперь я не умею и знаю как вести коммуникацию с собственным ребенком;"Стаж 5 лет
Специализация:
Принимает взрослых с 18 лет.
Проводит консультирование по вопросам тревоги, страхов, раздражительности, отсутствия смысла. Работает с чувством неудовлетворенности собой, семейным положением, работой,  жизнью. Обучает техникам саморегуляции,  концентрации внимания, навыкам эффективного общения, способам разрешения конфликтов.";0;1
"Друзья, подскажите хорошего психотерапевта, психиатра или гипнотерапевта (официального), пожалуйста. Депрессивно-тревожное расстройство. Раньше не могла уснуть, теперь, даже если засыпаю, просыпаюсь ночью. Такое ощущение, что мозг не отключается вообще. Челюсть постоянно сжата, в теле тонус: приходится все время держать внимание на блоках, чтобы не перенапрягать. Так устала от себя, хочется уже просто жить и радоваться, но в первой половине дня я почти всегда, как зомби: что спала, что не спала. Энергии очень мало.
Поверхностные травмирующие события знаю. Похоже, сидит какая-то травма, о которой просто-напросто не помню.
И такое ощущение, что депрессия уже зафиксирована на гормональном уровне. Мозг все время прокручивает болезненные события и страхи. ";"Стаж 5 лет
Специализация:
Принимает взрослых с 18 лет.
Проводит консультирование по вопросам тревоги, страхов, раздражительности, отсутствия смысла. Работает с чувством неудовлетворенности собой, семейным положением, работой,  жизнью. Обучает техникам саморегуляции,  концентрации внимания, навыкам эффективного общения, способам разрешения конфликтов.";0;2
Здравствуйте подскажите пожалуйста хорошего семейного психолога, мне с женой - в браке 7 лет, после жизненой двуякой ситуации и скандала есть вариант развода. Чувства, желания и множество пройденных неприятностей вместе не дают на эмоциях развестись. Нужен хороший психолог помочь разобраться в делах сердечных и сохранить брак.;"Стаж 6 лет
Оказывает психологическую помощь при жизненных проблемах (развод, смерть близкого), конфликтах с родными, неуверенности в себе, низкой самооценке, потере смысла жизни, проблемах в общении, психологических травмах, эмоциональных проблемах.";1;3
Подскажите пожалуйста хорошего не очень дорогого специалиста. Не могу справиться с собой: страхи, самобичевание , нежелание что - либо делать .;"Стаж 6 лет
Оказывает психологическую помощь при жизненных проблемах (развод, смерть близкого), конфликтах с родными, неуверенности в себе, низкой самооценке, потере смысла жизни, проблемах в общении, психологических травмах, эмоциональных проблемах.";1;5
Добрый день! Нужен психолог, специализирующийся на психосоматике. Обязательно с основным высшим психологическим образованием;"Стаж 6 лет
Принимает взрослых с 18 лет.
Психолог. КПТ, АСТ-терапевт.
Основное направление - работа с пищевым поведением (РПП, НПП), телесным перфекционизмом и отношениями с внешностью.
Также буду полезна, если Вы столкнулись с такими проблемами как:
• эмоциональное истощение, постоянный стресс, выгорание;
• сложности в карьере и личной жизни;
• тревожность, страхи, фобии, панические атаки, навязчивые мысли;
• депрессия и пониженное настроение;
• трудности самоопределения и поиска смысла жизни;
• прокрастинация и деструктивный перфекционизм, самокритика.""
На данный момент прохожу повышение квалификации в МГУ им. Ломоносова на курсе ""Терапия принятия и ответственности"" (АСТ-терапия).";0;2
Добрый вечер! Прошу помощи,к кому обращаться, ребёнка словно подменили, теперь я не умею и знаю как вести коммуникацию с собственным ребенком;"Стаж 7 лет
Принимает взрослых с 18 лет.
Практикующий психолог в аналитическом (юнгианском) подходе. Аналитическое направление как способ работы с глубинными аспектами психики преимущественно предполагает работу в длительной терапии. Формат краткосрочной терапии (до 15 встреч) возможен при учете индивидуального запроса. Для того, чтобы я могла вас лучше понять и эффективнее оказать помощь, встреча осуществятся в формате видеосвязи.
Темы, с которыми можно обратиться: — трудности во взаимоотношениях; — детско-родительские отношения; — психотравмы; — психосоматика; — сложные чувства (апатия, тревожность, одиночество, стыд, вина, агрессия); — потеря внутренней опоры; — глубинные невыраженные переживания; — переживание горя, утраты.
";1;3
Добрый день! Ищу специалиста, постоянные сложности в отношениях с мужчинами и своей мамой. Помогите пожалуйста разобраться в себе! Буду очень признательна!;"Стаж 7 лет
Принимает взрослых с 18 лет.
Практикующий психолог в аналитическом (юнгианском) подходе. Аналитическое направление как способ работы с глубинными аспектами психики преимущественно предполагает работу в длительной терапии. Формат краткосрочной терапии (до 15 встреч) возможен при учете индивидуального запроса. Для того, чтобы я могла вас лучше понять и эффективнее оказать помощь, встреча осуществятся в формате видеосвязи.
Темы, с которыми можно обратиться: — трудности во взаимоотношениях; — детско-родительские отношения; — психотравмы; — психосоматика; — сложные чувства (апатия, тревожность, одиночество, стыд, вина, агрессия); — потеря внутренней опоры; — глубинные невыраженные переживания; — переживание горя, утраты.
";1;5
Подскажите пожалуйста хорошего не очень дорогого специалиста. Не могу справиться с собой: страхи, самобичевание , нежелание что - либо делать .;"Стаж 7 лет
Принимает взрослых с 18 лет.
Практикующий психолог в аналитическом (юнгианском) подходе. Аналитическое направление как способ работы с глубинными аспектами психики преимущественно предполагает работу в длительной терапии. Формат краткосрочной терапии (до 15 встреч) возможен при учете индивидуального запроса. Для того, чтобы я могла вас лучше понять и эффективнее оказать помощь, встреча осуществятся в формате видеосвязи.
Темы, с которыми можно обратиться: — трудности во взаимоотношениях; — детско-родительские отношения; — психотравмы; — психосоматика; — сложные чувства (апатия, тревожность, одиночество, стыд, вина, агрессия); — потеря внутренней опоры; — глубинные невыраженные переживания; — переживание горя, утраты.
";1;5
Добрый день! Ищу специалиста, постоянные сложности в отношениях с мужчинами и своей мамой. Помогите пожалуйста разобраться в себе! Буду очень признательна!;"Стаж 8 лет
Принимает взрослых с 18 лет.
Я - врач-психиатр и психотерапевт.
На консультации смогу помочь вам разобраться в вашем состоянии, уточнить диагноз и рассказать наиболее правильные варианты решения проблемы.
Если у вас есть проблемы эмоционального характера, непонятные телесные симптомы или вас все регулярно направляют к психиатру, то мы можем встретиться на онлайн консультации и вместе определить в чем дело и как лучше всего поступать в дальнейшем.
Также могу проконсультировать по препаратам которые используются для лечения в психиатрии.";0;2
Здравствуйте, подскажите пожалуйста куда можно обратиться за диагностикой. Я постоянно отвлекаюсь, забываю про запланированные дела, откладываю дела про которые помню на часы и дни, хотя задачи простые, а другими вещами могу увлечься так что не оторвать - пока мне вдруг не надоест. Мне кажется что у меня недиагнозированный СДВГ, и это сильно мешает моей продуктивности;"Стаж 8 лет
Принимает взрослых с 18 лет.
Я - врач-психиатр и психотерапевт.
На консультации смогу помочь вам разобраться в вашем состоянии, уточнить диагноз и рассказать наиболее правильные варианты решения проблемы.
Если у вас есть проблемы эмоционального характера, непонятные телесные симптомы или вас все регулярно направляют к психиатру, то мы можем встретиться на онлайн консультации и вместе определить в чем дело и как лучше всего поступать в дальнейшем.
Также могу проконсультировать по препаратам которые используются для лечения в психиатрии.";1;4
Подскажите пожалуйста хорошего не очень дорогого специалиста. Не могу справиться с собой: страхи, самобичевание , нежелание что - либо делать .;"Стаж 8 лет
Принимает взрослых с 18 лет.
Я - врач-психиатр и психотерапевт.
На консультации смогу помочь вам разобраться в вашем состоянии, уточнить диагноз и рассказать наиболее правильные варианты решения проблемы.
Если у вас есть проблемы эмоционального характера, непонятные телесные симптомы или вас все регулярно направляют к психиатру, то мы можем встретиться на онлайн консультации и вместе определить в чем дело и как лучше всего поступать в дальнейшем.
Также могу проконсультировать по препаратам которые используются для лечения в психиатрии.";0;2
Добрый день! Любезно прошу помощи с контактами специалиста для работы со следующей ситуацией: нарастающая год от года, неконтролируемая агрессия супруга усугубляет сложные отношения, разрушает брак. Он осознает, периодически винит себя, но ситуация уже критическая. Последняя попытка спасти семью. Ищем психотерапевта, желательно мужчину, умеющего работать и с выплесками эмоций и с агрессией. Описала ситуацию общо и не знаю, нужен специалист по семейным отношениям или индивидуальной работе. Надеюсь, задачи конкретизируются на первом сеансе. Заранее благодарю.;"Я - психолог, гештальт-терапевт.

За моими плечами 8 лет непрерывного обучения, 4 года постоянной практики, более 1000 проведенных консультаций и множество счастливых людей.

Я помогу вам научиться лучше себя понимать и обрести баланс между собой и миром.

Работаю с такими запросами, как:

- самооценка;

- установки, мешающие жить;

- детско-родительские отношения;

- уверенность в себе;

- раскрытие внутреннего потенциала;

- чувство одиночества;

- интерес к жизни;

- созависимость в отношениях;

- повторяющиеся жизненные сценарии.

Главными моими принципами в работе являются конфиденциальность и бережное отношение к клиенту.

Терапия - это место, где можно быть собой без масок и обнаруживать себя настоящего. Давайте сделаем это вместе.";0;1
Здравствуйте, подскажите пожалуйста куда можно обратиться за диагностикой. Я постоянно отвлекаюсь, забываю про запланированные дела, откладываю дела про которые помню на часы и дни, хотя задачи простые, а другими вещами могу увлечься так что не оторвать - пока мне вдруг не надоест. Мне кажется что у меня недиагнозированный СДВГ, и это сильно мешает моей продуктивности;"Я  сертифицированный  Гештальт-терапевт, магистр психологии, супервизор.

Вы можете обратиться ко мне если:

-вам требуется поддержка в сегодняшнее сложное время;

- если вы потеряли внутреннюю опору и растерянны;

- если есть боль в отношениях, где вместо радости, удовольствия и любви- ссоры, обиды, манипуляции;

- испытываете низкую самооценку.

неуверенность в себе, которая приводит к отсутствию самореализации, на фоне страха, тревоги, чувства вины, стыда.

- если испытываете апатию;

-непонимание своих чувств, потребностей, желаний.

Если есть ощущение тупика, проживание кризиса. Если вам надоело терпеть, устали бояться, стыдиться, виниться.

Если потеряны краски жизни, вкус к жизни.

Если готовы работать над собой и меняться-

Буду рада, если случится наша встреча, а мои опыт и знания помогут Вам решать свои внутренние психологические проблемы, что бы чувствовать уверенность в себе и внутреннюю силу, всю полноту своей жизни.";0;1
Здравствуйте, подскажите пожалуйста куда можно обратиться за диагностикой. Я постоянно отвлекаюсь, забываю про запланированные дела, откладываю дела про которые помню на часы и дни, хотя задачи простые, а другими вещами могу увлечься так что не оторвать - пока мне вдруг не надоест. Мне кажется что у меня недиагнозированный СДВГ, и это сильно мешает моей продуктивности;Я бережный психотерапевт по отношениям в паре и семейной психотерапии, а также - по преодолению любовной зависимости. Помогаю людям наладить отношения с партнером, повысить самооценку, пережить измену, справится с одиночеством. Детско-родительские взаимоотношения. Ко мне можно обратиться за помощью в  преодолевании тревожных состояний. Кризисная психологическая помощь. Работаю с родовыми сценариями. Психосоматика. Использую арт-техники.;0;1
Добрый день! Любезно прошу помощи с контактами специалиста для работы со следующей ситуацией: нарастающая год от года, неконтролируемая агрессия супруга усугубляет сложные отношения, разрушает брак. Он осознает, периодически винит себя, но ситуация уже критическая. Последняя попытка спасти семью. Ищем психотерапевта, желательно мужчину, умеющего работать и с выплесками эмоций и с агрессией. Описала ситуацию общо и не знаю, нужен специалист по семейным отношениям или индивидуальной работе. Надеюсь, задачи конкретизируются на первом сеансе. Заранее благодарю.;"Я могу помочь в:

Разрешении актуальных жизненных проблем:

- трудности конфликтов «отцы и дети»;

- потеря близкого человека;

- семейные конфликты в парах.

Личностном развитии, профессиональной реализации и самореализации:

- неуверенность в себе;

- потеря ощущения себя;

- стеснительность.

В преодолении сложностей во взаимоотношениях с окружающими людьми:

- трудности при построении отношений (одиночество, токсичные или созависимые отношения);

- детско-родительские проблемы (конфликты взрослых детей и родителей, """"холодные"""" или гиперопекающие родители, критика, обиды, чувство вины, трудности в отделении от родителей и принятии самостоятельности);

- тревожные состояния, страхи, панические атаки, неврозы;

- супружеские конфликты (развод, кризисы, измены, ссоры и отсутствие взаимопонимания);

- низкая самооценка и неуверенность в себе (стыд, непринятие себя, своего поведения и внешности);

- потеря интереса к жизни (депрессия, раздражительность, обиды, зависть, отсутствие энергии и желания жить полноценной жизнью, мысли о суициде);

- травматический опыт прошлого (психологические травмы), который влияет на жизнь в настоящем;

- личностные проблемы (нехватка времени и сил, трудности при поиске работы, отсутствие целей, постоянный стресс, эмоциональное выгорание).

В своей работе руководствуюсь принципами этического кодекса ЕАТА. Главные аспекты, которых я придерживаюсь в своей работе:

- соблюдение личных психологических границ;

- безоценочность;

- эмпатия;

- сохранение конфиденциальности.";1;5
